<?xml version="1.0" encoding="UTF-8"?>
<beans xmlns="http://www.springframework.org/schema/beans"
       xmlns:xsi="http://www.w3.org/2001/XMLSchema-instance"
       xmlns:context="http://www.springframework.org/schema/context"
       xmlns:mvc="http://www.springframework.org/schema/mvc"
       xsi:schemaLocation="http://www.springframework.org/schema/beans http://www.springframework.org/schema/beans/spring-beans.xsd http://www.springframework.org/schema/context http://www.springframework.org/schema/context/spring-context.xsd http://www.springframework.org/schema/mvc http://www.springframework.org/schema/mvc/spring-mvc.xsd">



    <context:component-scan base-package="com.News.Controller"/>
    <context:component-scan base-package="com.News"/>
    <context:component-scan base-package="com.News.DAO"/>
    <context:component-scan base-package="com.News.Service"/>
    <context:component-scan base-package="com.News.implement"/>


    <bean
            class="org.springframework.web.servlet.view.InternalResourceViewResolver">
        <property name="prefix" value="/WEB-INF/jsp/" />
        <property name="suffix" value=".jsp" />
    </bean>


    <mvc:resources mapping="/resources/**" location="/WEB-INF/resources/" cache-period="31556926"/>
    <!---->

    <mvc:annotation-driven >

    </mvc:annotation-driven>
</beans>